Numéro du département,Nom de l'antenne,Région,CDR,Chef-lieu (préfecture),Référent(e),Commentaire(s)
1,Ain,Auvergne-Rhône-Alpes,Jean-Pierre GAUTHIER et Amandine BOTTERO,Bourg-en-Bresse,,
3,Allier,Auvergne-Rhône-Alpes,Jean-Pierre GAUTHIER et Amandine BOTTERO,Moulins,,
7,Ardèche,Auvergne-Rhône-Alpes,Jean-Pierre GAUTHIER et Amandine BOTTERO,Privas,,
15,Cantal,Auvergne-Rhône-Alpes,Jean-Pierre GAUTHIER et Amandine BOTTERO,Aurillac,,
26,Drôme,Auvergne-Rhône-Alpes,Jean-Pierre GAUTHIER et Amandine BOTTERO,Valence,,
38,Isère,Auvergne-Rhône-Alpes,Jean-Pierre GAUTHIER et Amandine BOTTERO,Grenoble,,
42,Loire,Auvergne-Rhône-Alpes,Jean-Pierre GAUTHIER et Amandine BOTTERO,Saint-Étienne,,
43,Haute-Loire,Auvergne-Rhône-Alpes,Jean-Pierre GAUTHIER et Amandine BOTTERO,Le Puy-en-Velay,,
63,Puy-de-Dôme,Auvergne-Rhône-Alpes,Jean-Pierre GAUTHIER et Amandine BOTTERO,Clermont-Ferrand,,
69,Rhône (hors-MDL),Auvergne-Rhône-Alpes,Jean-Pierre GAUTHIER et Amandine BOTTERO,Villefranche-sur-Saône,,
69,Rhône (uniquement MDL),Auvergne-Rhône-Alpes,Jean-Pierre GAUTHIER et Amandine BOTTERO,Lyon,,
73,Savoie,Auvergne-Rhône-Alpes,Jean-Pierre GAUTHIER et Amandine BOTTERO,Chambéry,,
74,Haute-Savoie,Auvergne-Rhône-Alpes,Jean-Pierre GAUTHIER et Amandine BOTTERO,Annecy,,
21,Côte-d'Or,Bourgogne-Franche-Comté,,Dijon,,
25,Doubs,Bourgogne-Franche-Comté,,Besançon,,
39,Jura,Bourgogne-Franche-Comté,,Lons-le-Saunier,,
58,Nièvre,Bourgogne-Franche-Comté,,Nevers,,
70,Haute-Saône,Bourgogne-Franche-Comté,,Vesoul,,
71,Saône-et-Loire,Bourgogne-Franche-Comté,,Mâcon,,
89,Yonne,Bourgogne-Franche-Comté,,Auxerre,,
90,Territoire de Belfort,Bourgogne-Franche-Comté,,Belfort,,
22,Côtes-d'Armor,Bretagne,Sébastien ALLIX,Saint-Brieuc,,
29,Finistère,Bretagne,Sébastien ALLIX,Quimper,,
35,Ille-et-Vilaine,Bretagne,Sébastien ALLIX,Rennes,,
56,Morbihan,Bretagne,Sébastien ALLIX,Vannes,,
18,Cher,Centre-Val de Loire,,Bourges,,
28,Eure-et-Loir,Centre-Val de Loire,,Chartres,,
36,Indre,Centre-Val de Loire,,Châteauroux,,
37,Indre-et-Loire,Centre-Val de Loire,,Tours,,
41,Loir-et-Cher,Centre-Val de Loire,,Blois,,
45,Loiret,Centre-Val de Loire,,Orléans,,
2A,Corse-du-Sud,Corse,,Ajaccio,,
2B,Haute-Corse,Corse,,Bastia,,
8,Ardennes,Grand Est,Alexandre COURVOISIER,Charleville-Mézières,,
10,Aube,Grand Est,Alexandre COURVOISIER,Troyes,,
51,Marne,Grand Est,Alexandre COURVOISIER,Châlons-en-Champagne,,
52,Haute-Marne,Grand Est,Alexandre COURVOISIER,Chaumont,,
54,Meurthe-et-Moselle,Grand Est,Alexandre COURVOISIER,Nancy,,
55,Meuse,Grand Est,Alexandre COURVOISIER,Bar-le-Duc,,
57,Moselle,Grand Est,Alexandre COURVOISIER,Metz,,
67,Bas-Rhin,Grand Est,Alexandre COURVOISIER,Strasbourg,,
68,Haut-Rhin,Grand Est,Alexandre COURVOISIER,Colmar,,
88,Vosges,Grand Est,Alexandre COURVOISIER,Épinal,,
971,Guadeloupe,Guadeloupe,,Basse-Terre,,
973,Guyane,Guyane,,Cayenne,,
2,Aisne,Hauts-de-France,,Laon,Dominique GUIZELIN,
59,Nord,Hauts-de-France,,Lille,Josiane KIMMAKON,
60,Oise,Hauts-de-France,,Beauvais,,
62,Pas-de-Calais,Hauts-de-France,,Arras,,
80,Somme,Hauts-de-France,,Amiens,,
75,Paris - Secteur Nord-Est,Ile-de-France,Maïmouna BECART,Paris,,
75,Paris - Secteur Ouest,Ile-de-France,Maïmouna BECART,Paris,François JEGER,
75,Paris - Secteur Centre,Ile-de-France,Maïmouna BECART,Paris,Juliette LECOINTRE,
75,Paris - Secteur Sud,Ile-de-France,Maïmouna BECART,Paris,Hane Marie Reine FAYE,
77,Paris - Secteur Seine-et-Marne,Ile-de-France,Maïmouna BECART,Melun,,
78,Paris - Secteur Yvelines,Ile-de-France,Maïmouna BECART,Versailles,Roland BALLESTA,
91,Paris - Secteur Essonne,Ile-de-France,Maïmouna BECART,Évry-Courcouronnes,,
92,Paris - Secteur Hauts-de-Seine,Ile-de-France,Maïmouna BECART,Nanterre,,
93,Paris - Secteur Seine-Saint-Denis,Ile-de-France,Maïmouna BECART,Bobigny,,
94,Paris - Secteur Val-de-Marne,Ile-de-France,Maïmouna BECART,Créteil,,
95,Paris - Secteur Val-d'Oise,Ile-de-France,Maïmouna BECART,Pontoise,,
974,La Réunion,La Réunion,,Saint-Denis,,
972,Martinique,Martinique,,Fort-de-France,,
976,Mayotte,Mayotte,,Dzaoudzi,,
14,Calvados,Normandie,,Caen,,
27,Eure,Normandie,,Évreux,,
50,Manche,Normandie,,Saint-Lô,,
61,Orne,Normandie,,Alençon,,
76,Seine-Maritime,Normandie,,Rouen,,
16,Charente,Nouvelle-Aquitaine,Fedi ABDELLAOUI,Angoulême,,
17,Charente-Maritime,Nouvelle-Aquitaine,Fedi ABDELLAOUI,La Rochelle,,
19,Corrèze,Nouvelle-Aquitaine,,Tulle,,
23,Creuse,Nouvelle-Aquitaine,,Guéret,,
24,Dordogne,Nouvelle-Aquitaine,,Périgueux,,
33,Gironde,Nouvelle-Aquitaine,Fedi ABDELLAOUI,Bordeaux,,
40,Landes,Nouvelle-Aquitaine,Fedi ABDELLAOUI,Mont-de-Marsan,,
47,Lot-et-Garonne,Nouvelle-Aquitaine,Carole MOUNAIX,Agen,,
64,Pyrénées-Atlantiques,Nouvelle-Aquitaine,Fedi ABDELLAOUI,Pau,,
79,Deux-Sèvres,Nouvelle-Aquitaine,Fedi ABDELLAOUI,Niort,,
86,Vienne,Nouvelle-Aquitaine,,Poitiers,,
87,Haute-Vienne,Nouvelle-Aquitaine,,Limoges,,
9,Ariège,Occitanie,Anthonny WAGNER,Foix,,
11,Aude,Occitanie,Anthonny WAGNER,Carcassonne,Salma EL GHAZA,
12,Aveyron,Occitanie,Jade AILLAUD-PONT,Rodez,,
30,Gard,Occitanie,Jade AILLAUD-PONT,Nîmes,,
31,Haute-Garonne,Occitanie,Anthonny WAGNER,Toulouse,Muriel VIRGILE,
32,Gers,Occitanie,Anthonny WAGNER,Auch,Isabelle AVEZAC,
34,Hérault,Occitanie,Jade AILLAUD-PONT,Montpellier,,
46,Lot,Occitanie,Jade AILLAUD-PONT,Cahors,,
48,Lozère,Occitanie,Jade AILLAUD-PONT,Mende,,
65,Hautes-Pyrénées,Occitanie,Anthonny WAGNER,Tarbes,,
66,Pyrénées-Orientales,Occitanie,Anthonny WAGNER,Perpignan,,
81,Tarn,Occitanie,Jade AILLAUD-PONT,Albi,,
82,Tarn-et-Garonne,Occitanie,Jade AILLAUD-PONT,Montauban,,
44,Loire-Atlantique,Pays de la Loire,Frédéric SANANES,Nantes,,
49,Maine-et-Loire,Pays de la Loire,Frédéric SANANES,Angers,,
53,Mayenne,Pays de la Loire,Frédéric SANANES,Laval,,
72,Sarthe,Pays de la Loire,Frédéric SANANES,Le Mans,,
85,Vendée,Pays de la Loire,Frédéric SANANES,La Roche-sur-Yon,,
4,Alpes-de-Haute-Provence,Provence-Alpes-Côte d'Azur,Karen LECUGY,Digne-les-Bains,,
5,Hautes-Alpes,Provence-Alpes-Côte d'Azur,Karen LECUGY,Gap,,
6,Alpes-Maritimes,Provence-Alpes-Côte d'Azur,Karen LECUGY,Nice,,
13,Bouches-du-Rhône - Secteur Aix-en-Provence,Provence-Alpes-Côte d'Azur,Karen LECUGY,Aix-en-Provence,Nicolas MIRETTI,
13,Bouches-du-Rhône - Secteur Marseille centre,Provence-Alpes-Côte d'Azur,Karen LECUGY,Marseille,Nacer YAHIA,
13,Bouches-du-Rhône - Secteur Marseille nord,Provence-Alpes-Côte d'Azur,Karen LECUGY,Marseille,,
13,Bouches-du-Rhône - Secteur Marseille sud,Provence-Alpes-Côte d'Azur,Karen LECUGY,Marseille,Isabelle BARNABÉ-WALGER,
13,Bouches-du-Rhône - Secteur Marseille est,Provence-Alpes-Côte d'Azur,Karen LECUGY,Marseille,,
83,Var,Provence-Alpes-Côte d'Azur,Karen LECUGY,Toulon,Aberdeen PORTIER,
84,Vaucluse,Provence-Alpes-Côte d'Azur,Karen LECUGY,Avignon,,
